Reference Handle,Token,Item Name,Variation Name,SKU,Description,Categories,Price,Current Quantity Default,New Quantity Default,Stock Alert Enabled Default,Stock Alert Count Default,Tax - GST 10% (in some regions)
mini-spinner-jade_white,,Mini Spinner,Jade White,FDG-MINISPINNER-JADE,"Pocket-sized 2-arm spinner. The ""try Tom's fidgets"" intro.",Starter Fidgets ($3-4),3.00,0,0,N,,Y
mini-spinner-bambu_black,,Mini Spinner,Bambu Black,FDG-MINISPINNER-BLAK,"Pocket-sized 2-arm spinner. The ""try Tom's fidgets"" intro.",Starter Fidgets ($3-4),3.00,0,0,N,,Y
mini-spinner-bambu_red,,Mini Spinner,Bambu Red,FDG-MINISPINNER-REDD,"Pocket-sized 2-arm spinner. The ""try Tom's fidgets"" intro.",Starter Fidgets ($3-4),3.00,0,0,N,,Y
mini-spinner-cyber_yellow,,Mini Spinner,Cyber Yellow,FDG-MINISPINNER-YELO,"Pocket-sized 2-arm spinner. The ""try Tom's fidgets"" intro.",Starter Fidgets ($3-4),3.00,0,0,N,,Y
mini-spinner-cyan_blue,,Mini Spinner,Cyan Blue,FDG-MINISPINNER-CYAN,"Pocket-sized 2-arm spinner. The ""try Tom's fidgets"" intro.",Starter Fidgets ($3-4),3.00,0,0,N,,Y
mini-spinner-mistletoe,,Mini Spinner,Mistletoe Green,FDG-MINISPINNER-MIST,"Pocket-sized 2-arm spinner. The ""try Tom's fidgets"" intro.",Starter Fidgets ($3-4),3.00,0,0,N,,Y
mini-spinner-magenta,,Mini Spinner,Magenta,FDG-MINISPINNER-MGNT,"Pocket-sized 2-arm spinner. The ""try Tom's fidgets"" intro.",Starter Fidgets ($3-4),3.00,0,0,N,,Y
mini-spinner-purple,,Mini Spinner,Royal Purple,FDG-MINISPINNER-PURP,"Pocket-sized 2-arm spinner. The ""try Tom's fidgets"" intro.",Starter Fidgets ($3-4),3.00,0,0,N,,Y
mini-spinner-glow_green,,Mini Spinner,Glow Mint,FDG-MINISPINNER-GLOW,"Pocket-sized 2-arm spinner. The ""try Tom's fidgets"" intro.",Starter Fidgets ($3-4),5.00,0,0,N,,Y
mini-spinner-galaxy,,Mini Spinner,Galaxy Purple,FDG-MINISPINNER-GLXY,"Pocket-sized 2-arm spinner. The ""try Tom's fidgets"" intro.",Starter Fidgets ($3-4),5.00,0,0,N,,Y
tiny-worm-jade_white,,Tiny Worm,Jade White,FDG-TINYWORM-JADE,A 4cm wiggly worm. First fidget for first-time customers.,Starter Fidgets ($3-4),3.00,0,0,N,,Y
tiny-worm-bambu_black,,Tiny Worm,Bambu Black,FDG-TINYWORM-BLAK,A 4cm wiggly worm. First fidget for first-time customers.,Starter Fidgets ($3-4),3.00,0,0,N,,Y
tiny-worm-bambu_red,,Tiny Worm,Bambu Red,FDG-TINYWORM-REDD,A 4cm wiggly worm. First fidget for first-time customers.,Starter Fidgets ($3-4),3.00,0,0,N,,Y
tiny-worm-cyber_yellow,,Tiny Worm,Cyber Yellow,FDG-TINYWORM-YELO,A 4cm wiggly worm. First fidget for first-time customers.,Starter Fidgets ($3-4),3.00,0,0,N,,Y
tiny-worm-cyan_blue,,Tiny Worm,Cyan Blue,FDG-TINYWORM-CYAN,A 4cm wiggly worm. First fidget for first-time customers.,Starter Fidgets ($3-4),3.00,0,0,N,,Y
tiny-worm-mistletoe,,Tiny Worm,Mistletoe Green,FDG-TINYWORM-MIST,A 4cm wiggly worm. First fidget for first-time customers.,Starter Fidgets ($3-4),3.00,0,0,N,,Y
tiny-worm-magenta,,Tiny Worm,Magenta,FDG-TINYWORM-MGNT,A 4cm wiggly worm. First fidget for first-time customers.,Starter Fidgets ($3-4),3.00,0,0,N,,Y
tiny-worm-purple,,Tiny Worm,Royal Purple,FDG-TINYWORM-PURP,A 4cm wiggly worm. First fidget for first-time customers.,Starter Fidgets ($3-4),3.00,0,0,N,,Y
tiny-worm-glow_green,,Tiny Worm,Glow Mint,FDG-TINYWORM-GLOW,A 4cm wiggly worm. First fidget for first-time customers.,Starter Fidgets ($3-4),5.00,0,0,N,,Y
tiny-worm-galaxy,,Tiny Worm,Galaxy Purple,FDG-TINYWORM-GLXY,A 4cm wiggly worm. First fidget for first-time customers.,Starter Fidgets ($3-4),5.00,0,0,N,,Y
mini-clicker-jade_white,,Mini Clicker,Jade White,FDG-MINICLICKER-JADE,Single-button clicker. Perfectly satisfying. $4 to get hooked.,Starter Fidgets ($3-4),4.00,0,0,N,,Y
mini-clicker-bambu_black,,Mini Clicker,Bambu Black,FDG-MINICLICKER-BLAK,Single-button clicker. Perfectly satisfying. $4 to get hooked.,Starter Fidgets ($3-4),4.00,0,0,N,,Y
mini-clicker-bambu_red,,Mini Clicker,Bambu Red,FDG-MINICLICKER-REDD,Single-button clicker. Perfectly satisfying. $4 to get hooked.,Starter Fidgets ($3-4),4.00,0,0,N,,Y
mini-clicker-cyber_yellow,,Mini Clicker,Cyber Yellow,FDG-MINICLICKER-YELO,Single-button clicker. Perfectly satisfying. $4 to get hooked.,Starter Fidgets ($3-4),4.00,0,0,N,,Y
mini-clicker-cyan_blue,,Mini Clicker,Cyan Blue,FDG-MINICLICKER-CYAN,Single-button clicker. Perfectly satisfying. $4 to get hooked.,Starter Fidgets ($3-4),4.00,0,0,N,,Y
mini-clicker-mistletoe,,Mini Clicker,Mistletoe Green,FDG-MINICLICKER-MIST,Single-button clicker. Perfectly satisfying. $4 to get hooked.,Starter Fidgets ($3-4),4.00,0,0,N,,Y
mini-clicker-magenta,,Mini Clicker,Magenta,FDG-MINICLICKER-MGNT,Single-button clicker. Perfectly satisfying. $4 to get hooked.,Starter Fidgets ($3-4),4.00,0,0,N,,Y
mini-clicker-purple,,Mini Clicker,Royal Purple,FDG-MINICLICKER-PURP,Single-button clicker. Perfectly satisfying. $4 to get hooked.,Starter Fidgets ($3-4),4.00,0,0,N,,Y
mini-clicker-glow_green,,Mini Clicker,Glow Mint,FDG-MINICLICKER-GLOW,Single-button clicker. Perfectly satisfying. $4 to get hooked.,Starter Fidgets ($3-4),6.00,0,0,N,,Y
mini-clicker-galaxy,,Mini Clicker,Galaxy Purple,FDG-MINICLICKER-GLXY,Single-button clicker. Perfectly satisfying. $4 to get hooked.,Starter Fidgets ($3-4),6.00,0,0,N,,Y
spinner-3-jade_white,,Three-Arm Spinner,Jade White,FDG-SPINNER3-JADE,"The classic. Triple-bearing, buttery spin.",Regular Fidgets,9.00,0,0,N,,Y
spinner-3-bambu_black,,Three-Arm Spinner,Bambu Black,FDG-SPINNER3-BLAK,"The classic. Triple-bearing, buttery spin.",Regular Fidgets,9.00,0,0,N,,Y
spinner-3-bambu_red,,Three-Arm Spinner,Bambu Red,FDG-SPINNER3-REDD,"The classic. Triple-bearing, buttery spin.",Regular Fidgets,9.00,0,0,N,,Y
spinner-3-cyber_yellow,,Three-Arm Spinner,Cyber Yellow,FDG-SPINNER3-YELO,"The classic. Triple-bearing, buttery spin.",Regular Fidgets,9.00,0,0,N,,Y
spinner-3-cyan_blue,,Three-Arm Spinner,Cyan Blue,FDG-SPINNER3-CYAN,"The classic. Triple-bearing, buttery spin.",Regular Fidgets,9.00,0,0,N,,Y
spinner-3-mistletoe,,Three-Arm Spinner,Mistletoe Green,FDG-SPINNER3-MIST,"The classic. Triple-bearing, buttery spin.",Regular Fidgets,9.00,0,0,N,,Y
spinner-3-magenta,,Three-Arm Spinner,Magenta,FDG-SPINNER3-MGNT,"The classic. Triple-bearing, buttery spin.",Regular Fidgets,9.00,0,0,N,,Y
spinner-3-purple,,Three-Arm Spinner,Royal Purple,FDG-SPINNER3-PURP,"The classic. Triple-bearing, buttery spin.",Regular Fidgets,9.00,0,0,N,,Y
spinner-3-glow_green,,Three-Arm Spinner,Glow Mint,FDG-SPINNER3-GLOW,"The classic. Triple-bearing, buttery spin.",Regular Fidgets,11.00,0,0,N,,Y
spinner-3-galaxy,,Three-Arm Spinner,Galaxy Purple,FDG-SPINNER3-GLXY,"The classic. Triple-bearing, buttery spin.",Regular Fidgets,11.00,0,0,N,,Y
spinner-6-jade_white,,Six-Arm Mega Spinner,Jade White,FDG-SPINNER6-JADE,"More arms, longer spin. Whirring satisfaction.",Regular Fidgets,14.00,0,0,N,,Y
spinner-6-bambu_black,,Six-Arm Mega Spinner,Bambu Black,FDG-SPINNER6-BLAK,"More arms, longer spin. Whirring satisfaction.",Regular Fidgets,14.00,0,0,N,,Y
spinner-6-bambu_red,,Six-Arm Mega Spinner,Bambu Red,FDG-SPINNER6-REDD,"More arms, longer spin. Whirring satisfaction.",Regular Fidgets,14.00,0,0,N,,Y
spinner-6-cyber_yellow,,Six-Arm Mega Spinner,Cyber Yellow,FDG-SPINNER6-YELO,"More arms, longer spin. Whirring satisfaction.",Regular Fidgets,14.00,0,0,N,,Y
spinner-6-cyan_blue,,Six-Arm Mega Spinner,Cyan Blue,FDG-SPINNER6-CYAN,"More arms, longer spin. Whirring satisfaction.",Regular Fidgets,14.00,0,0,N,,Y
spinner-6-mistletoe,,Six-Arm Mega Spinner,Mistletoe Green,FDG-SPINNER6-MIST,"More arms, longer spin. Whirring satisfaction.",Regular Fidgets,14.00,0,0,N,,Y
spinner-6-magenta,,Six-Arm Mega Spinner,Magenta,FDG-SPINNER6-MGNT,"More arms, longer spin. Whirring satisfaction.",Regular Fidgets,14.00,0,0,N,,Y
spinner-6-purple,,Six-Arm Mega Spinner,Royal Purple,FDG-SPINNER6-PURP,"More arms, longer spin. Whirring satisfaction.",Regular Fidgets,14.00,0,0,N,,Y
spinner-6-glow_green,,Six-Arm Mega Spinner,Glow Mint,FDG-SPINNER6-GLOW,"More arms, longer spin. Whirring satisfaction.",Regular Fidgets,16.00,0,0,N,,Y
spinner-6-galaxy,,Six-Arm Mega Spinner,Galaxy Purple,FDG-SPINNER6-GLXY,"More arms, longer spin. Whirring satisfaction.",Regular Fidgets,16.00,0,0,N,,Y
star-spinner-jade_white,,Star Spinner,Jade White,FDG-STARSPINNER-JADE,"Five-pointed, weighted tips, hypnotic.",Regular Fidgets,11.00,0,0,N,,Y
star-spinner-bambu_black,,Star Spinner,Bambu Black,FDG-STARSPINNER-BLAK,"Five-pointed, weighted tips, hypnotic.",Regular Fidgets,11.00,0,0,N,,Y
star-spinner-bambu_red,,Star Spinner,Bambu Red,FDG-STARSPINNER-REDD,"Five-pointed, weighted tips, hypnotic.",Regular Fidgets,11.00,0,0,N,,Y
star-spinner-cyber_yellow,,Star Spinner,Cyber Yellow,FDG-STARSPINNER-YELO,"Five-pointed, weighted tips, hypnotic.",Regular Fidgets,11.00,0,0,N,,Y
star-spinner-cyan_blue,,Star Spinner,Cyan Blue,FDG-STARSPINNER-CYAN,"Five-pointed, weighted tips, hypnotic.",Regular Fidgets,11.00,0,0,N,,Y
star-spinner-mistletoe,,Star Spinner,Mistletoe Green,FDG-STARSPINNER-MIST,"Five-pointed, weighted tips, hypnotic.",Regular Fidgets,11.00,0,0,N,,Y
star-spinner-magenta,,Star Spinner,Magenta,FDG-STARSPINNER-MGNT,"Five-pointed, weighted tips, hypnotic.",Regular Fidgets,11.00,0,0,N,,Y
star-spinner-purple,,Star Spinner,Royal Purple,FDG-STARSPINNER-PURP,"Five-pointed, weighted tips, hypnotic.",Regular Fidgets,11.00,0,0,N,,Y
star-spinner-glow_green,,Star Spinner,Glow Mint,FDG-STARSPINNER-GLOW,"Five-pointed, weighted tips, hypnotic.",Regular Fidgets,13.00,0,0,N,,Y
star-spinner-galaxy,,Star Spinner,Galaxy Purple,FDG-STARSPINNER-GLXY,"Five-pointed, weighted tips, hypnotic.",Regular Fidgets,13.00,0,0,N,,Y
metal-spinner-jade_white,,Metallic-Finish Spinner,Jade White,FDG-METALSPINNER-JADE,Silk metallic filament. Looks like polished steel.,Regular Fidgets,18.00,0,0,N,,Y
metal-spinner-bambu_black,,Metallic-Finish Spinner,Bambu Black,FDG-METALSPINNER-BLAK,Silk metallic filament. Looks like polished steel.,Regular Fidgets,18.00,0,0,N,,Y
metal-spinner-bambu_red,,Metallic-Finish Spinner,Bambu Red,FDG-METALSPINNER-REDD,Silk metallic filament. Looks like polished steel.,Regular Fidgets,18.00,0,0,N,,Y
metal-spinner-cyber_yellow,,Metallic-Finish Spinner,Cyber Yellow,FDG-METALSPINNER-YELO,Silk metallic filament. Looks like polished steel.,Regular Fidgets,18.00,0,0,N,,Y
metal-spinner-cyan_blue,,Metallic-Finish Spinner,Cyan Blue,FDG-METALSPINNER-CYAN,Silk metallic filament. Looks like polished steel.,Regular Fidgets,18.00,0,0,N,,Y
metal-spinner-mistletoe,,Metallic-Finish Spinner,Mistletoe Green,FDG-METALSPINNER-MIST,Silk metallic filament. Looks like polished steel.,Regular Fidgets,18.00,0,0,N,,Y
metal-spinner-magenta,,Metallic-Finish Spinner,Magenta,FDG-METALSPINNER-MGNT,Silk metallic filament. Looks like polished steel.,Regular Fidgets,18.00,0,0,N,,Y
metal-spinner-purple,,Metallic-Finish Spinner,Royal Purple,FDG-METALSPINNER-PURP,Silk metallic filament. Looks like polished steel.,Regular Fidgets,18.00,0,0,N,,Y
metal-spinner-glow_green,,Metallic-Finish Spinner,Glow Mint,FDG-METALSPINNER-GLOW,Silk metallic filament. Looks like polished steel.,Regular Fidgets,20.00,0,0,N,,Y
metal-spinner-galaxy,,Metallic-Finish Spinner,Galaxy Purple,FDG-METALSPINNER-GLXY,Silk metallic filament. Looks like polished steel.,Regular Fidgets,20.00,0,0,N,,Y
fidget-cube-jade_white,,Print-in-Place Fidget Cube,Jade White,FDG-FIDGETCUBE-JADE,"Six sides of buttons, dials and switches.",Regular Fidgets,20.00,0,0,N,,Y
fidget-cube-bambu_black,,Print-in-Place Fidget Cube,Bambu Black,FDG-FIDGETCUBE-BLAK,"Six sides of buttons, dials and switches.",Regular Fidgets,20.00,0,0,N,,Y
fidget-cube-bambu_red,,Print-in-Place Fidget Cube,Bambu Red,FDG-FIDGETCUBE-REDD,"Six sides of buttons, dials and switches.",Regular Fidgets,20.00,0,0,N,,Y
fidget-cube-cyber_yellow,,Print-in-Place Fidget Cube,Cyber Yellow,FDG-FIDGETCUBE-YELO,"Six sides of buttons, dials and switches.",Regular Fidgets,20.00,0,0,N,,Y
fidget-cube-cyan_blue,,Print-in-Place Fidget Cube,Cyan Blue,FDG-FIDGETCUBE-CYAN,"Six sides of buttons, dials and switches.",Regular Fidgets,20.00,0,0,N,,Y
fidget-cube-mistletoe,,Print-in-Place Fidget Cube,Mistletoe Green,FDG-FIDGETCUBE-MIST,"Six sides of buttons, dials and switches.",Regular Fidgets,20.00,0,0,N,,Y
fidget-cube-magenta,,Print-in-Place Fidget Cube,Magenta,FDG-FIDGETCUBE-MGNT,"Six sides of buttons, dials and switches.",Regular Fidgets,20.00,0,0,N,,Y
fidget-cube-purple,,Print-in-Place Fidget Cube,Royal Purple,FDG-FIDGETCUBE-PURP,"Six sides of buttons, dials and switches.",Regular Fidgets,20.00,0,0,N,,Y
fidget-cube-glow_green,,Print-in-Place Fidget Cube,Glow Mint,FDG-FIDGETCUBE-GLOW,"Six sides of buttons, dials and switches.",Regular Fidgets,22.00,0,0,N,,Y
fidget-cube-galaxy,,Print-in-Place Fidget Cube,Galaxy Purple,FDG-FIDGETCUBE-GLXY,"Six sides of buttons, dials and switches.",Regular Fidgets,22.00,0,0,N,,Y
infinity-cube-jade_white,,Infinity Cube,Jade White,FDG-INFINITYCUBE-JADE,Folds and unfolds forever. The desk classic.,Regular Fidgets,15.00,0,0,N,,Y
infinity-cube-bambu_black,,Infinity Cube,Bambu Black,FDG-INFINITYCUBE-BLAK,Folds and unfolds forever. The desk classic.,Regular Fidgets,15.00,0,0,N,,Y
infinity-cube-bambu_red,,Infinity Cube,Bambu Red,FDG-INFINITYCUBE-REDD,Folds and unfolds forever. The desk classic.,Regular Fidgets,15.00,0,0,N,,Y
infinity-cube-cyber_yellow,,Infinity Cube,Cyber Yellow,FDG-INFINITYCUBE-YELO,Folds and unfolds forever. The desk classic.,Regular Fidgets,15.00,0,0,N,,Y
infinity-cube-cyan_blue,,Infinity Cube,Cyan Blue,FDG-INFINITYCUBE-CYAN,Folds and unfolds forever. The desk classic.,Regular Fidgets,15.00,0,0,N,,Y
infinity-cube-mistletoe,,Infinity Cube,Mistletoe Green,FDG-INFINITYCUBE-MIST,Folds and unfolds forever. The desk classic.,Regular Fidgets,15.00,0,0,N,,Y
infinity-cube-magenta,,Infinity Cube,Magenta,FDG-INFINITYCUBE-MGNT,Folds and unfolds forever. The desk classic.,Regular Fidgets,15.00,0,0,N,,Y
infinity-cube-purple,,Infinity Cube,Royal Purple,FDG-INFINITYCUBE-PURP,Folds and unfolds forever. The desk classic.,Regular Fidgets,15.00,0,0,N,,Y
infinity-cube-glow_green,,Infinity Cube,Glow Mint,FDG-INFINITYCUBE-GLOW,Folds and unfolds forever. The desk classic.,Regular Fidgets,17.00,0,0,N,,Y
infinity-cube-galaxy,,Infinity Cube,Galaxy Purple,FDG-INFINITYCUBE-GLXY,Folds and unfolds forever. The desk classic.,Regular Fidgets,17.00,0,0,N,,Y
gear-cube-jade_white,,Gear Cube,Jade White,FDG-GEARCUBE-JADE,Interlocking gears. Click-click-click.,Regular Fidgets,17.00,0,0,N,,Y
gear-cube-bambu_black,,Gear Cube,Bambu Black,FDG-GEARCUBE-BLAK,Interlocking gears. Click-click-click.,Regular Fidgets,17.00,0,0,N,,Y
gear-cube-bambu_red,,Gear Cube,Bambu Red,FDG-GEARCUBE-REDD,Interlocking gears. Click-click-click.,Regular Fidgets,17.00,0,0,N,,Y
gear-cube-cyber_yellow,,Gear Cube,Cyber Yellow,FDG-GEARCUBE-YELO,Interlocking gears. Click-click-click.,Regular Fidgets,17.00,0,0,N,,Y
gear-cube-cyan_blue,,Gear Cube,Cyan Blue,FDG-GEARCUBE-CYAN,Interlocking gears. Click-click-click.,Regular Fidgets,17.00,0,0,N,,Y
gear-cube-mistletoe,,Gear Cube,Mistletoe Green,FDG-GEARCUBE-MIST,Interlocking gears. Click-click-click.,Regular Fidgets,17.00,0,0,N,,Y
gear-cube-magenta,,Gear Cube,Magenta,FDG-GEARCUBE-MGNT,Interlocking gears. Click-click-click.,Regular Fidgets,17.00,0,0,N,,Y
gear-cube-purple,,Gear Cube,Royal Purple,FDG-GEARCUBE-PURP,Interlocking gears. Click-click-click.,Regular Fidgets,17.00,0,0,N,,Y
gear-cube-glow_green,,Gear Cube,Glow Mint,FDG-GEARCUBE-GLOW,Interlocking gears. Click-click-click.,Regular Fidgets,19.00,0,0,N,,Y
gear-cube-galaxy,,Gear Cube,Galaxy Purple,FDG-GEARCUBE-GLXY,Interlocking gears. Click-click-click.,Regular Fidgets,19.00,0,0,N,,Y
dragon-jade_white,,Articulated Dragon,Jade White,FDG-DRAGON-JADE,Big flexi dragon — the showstopper.,Regular Fidgets,30.00,0,0,N,,Y
dragon-bambu_black,,Articulated Dragon,Bambu Black,FDG-DRAGON-BLAK,Big flexi dragon — the showstopper.,Regular Fidgets,30.00,0,0,N,,Y
dragon-bambu_red,,Articulated Dragon,Bambu Red,FDG-DRAGON-REDD,Big flexi dragon — the showstopper.,Regular Fidgets,30.00,0,0,N,,Y
dragon-cyber_yellow,,Articulated Dragon,Cyber Yellow,FDG-DRAGON-YELO,Big flexi dragon — the showstopper.,Regular Fidgets,30.00,0,0,N,,Y
dragon-cyan_blue,,Articulated Dragon,Cyan Blue,FDG-DRAGON-CYAN,Big flexi dragon — the showstopper.,Regular Fidgets,30.00,0,0,N,,Y
dragon-mistletoe,,Articulated Dragon,Mistletoe Green,FDG-DRAGON-MIST,Big flexi dragon — the showstopper.,Regular Fidgets,30.00,0,0,N,,Y
dragon-magenta,,Articulated Dragon,Magenta,FDG-DRAGON-MGNT,Big flexi dragon — the showstopper.,Regular Fidgets,30.00,0,0,N,,Y
dragon-purple,,Articulated Dragon,Royal Purple,FDG-DRAGON-PURP,Big flexi dragon — the showstopper.,Regular Fidgets,30.00,0,0,N,,Y
dragon-glow_green,,Articulated Dragon,Glow Mint,FDG-DRAGON-GLOW,Big flexi dragon — the showstopper.,Regular Fidgets,32.00,0,0,N,,Y
dragon-galaxy,,Articulated Dragon,Galaxy Purple,FDG-DRAGON-GLXY,Big flexi dragon — the showstopper.,Regular Fidgets,32.00,0,0,N,,Y
snake-jade_white,,Articulated Snake,Jade White,FDG-SNAKE-JADE,"Wiggle, drape, wear as a bracelet.",Regular Fidgets,13.00,0,0,N,,Y
snake-bambu_black,,Articulated Snake,Bambu Black,FDG-SNAKE-BLAK,"Wiggle, drape, wear as a bracelet.",Regular Fidgets,13.00,0,0,N,,Y
snake-bambu_red,,Articulated Snake,Bambu Red,FDG-SNAKE-REDD,"Wiggle, drape, wear as a bracelet.",Regular Fidgets,13.00,0,0,N,,Y
snake-cyber_yellow,,Articulated Snake,Cyber Yellow,FDG-SNAKE-YELO,"Wiggle, drape, wear as a bracelet.",Regular Fidgets,13.00,0,0,N,,Y
snake-cyan_blue,,Articulated Snake,Cyan Blue,FDG-SNAKE-CYAN,"Wiggle, drape, wear as a bracelet.",Regular Fidgets,13.00,0,0,N,,Y
snake-mistletoe,,Articulated Snake,Mistletoe Green,FDG-SNAKE-MIST,"Wiggle, drape, wear as a bracelet.",Regular Fidgets,13.00,0,0,N,,Y
snake-magenta,,Articulated Snake,Magenta,FDG-SNAKE-MGNT,"Wiggle, drape, wear as a bracelet.",Regular Fidgets,13.00,0,0,N,,Y
snake-purple,,Articulated Snake,Royal Purple,FDG-SNAKE-PURP,"Wiggle, drape, wear as a bracelet.",Regular Fidgets,13.00,0,0,N,,Y
snake-glow_green,,Articulated Snake,Glow Mint,FDG-SNAKE-GLOW,"Wiggle, drape, wear as a bracelet.",Regular Fidgets,15.00,0,0,N,,Y
snake-galaxy,,Articulated Snake,Galaxy Purple,FDG-SNAKE-GLXY,"Wiggle, drape, wear as a bracelet.",Regular Fidgets,15.00,0,0,N,,Y
octopus-jade_white,,Articulated Octopus,Jade White,FDG-OCTOPUS-JADE,Eight tentacles of squishy print-in-place fun.,Regular Fidgets,19.00,0,0,N,,Y
octopus-bambu_black,,Articulated Octopus,Bambu Black,FDG-OCTOPUS-BLAK,Eight tentacles of squishy print-in-place fun.,Regular Fidgets,19.00,0,0,N,,Y
octopus-bambu_red,,Articulated Octopus,Bambu Red,FDG-OCTOPUS-REDD,Eight tentacles of squishy print-in-place fun.,Regular Fidgets,19.00,0,0,N,,Y
octopus-cyber_yellow,,Articulated Octopus,Cyber Yellow,FDG-OCTOPUS-YELO,Eight tentacles of squishy print-in-place fun.,Regular Fidgets,19.00,0,0,N,,Y
octopus-cyan_blue,,Articulated Octopus,Cyan Blue,FDG-OCTOPUS-CYAN,Eight tentacles of squishy print-in-place fun.,Regular Fidgets,19.00,0,0,N,,Y
octopus-mistletoe,,Articulated Octopus,Mistletoe Green,FDG-OCTOPUS-MIST,Eight tentacles of squishy print-in-place fun.,Regular Fidgets,19.00,0,0,N,,Y
octopus-magenta,,Articulated Octopus,Magenta,FDG-OCTOPUS-MGNT,Eight tentacles of squishy print-in-place fun.,Regular Fidgets,19.00,0,0,N,,Y
octopus-purple,,Articulated Octopus,Royal Purple,FDG-OCTOPUS-PURP,Eight tentacles of squishy print-in-place fun.,Regular Fidgets,19.00,0,0,N,,Y
octopus-glow_green,,Articulated Octopus,Glow Mint,FDG-OCTOPUS-GLOW,Eight tentacles of squishy print-in-place fun.,Regular Fidgets,21.00,0,0,N,,Y
octopus-galaxy,,Articulated Octopus,Galaxy Purple,FDG-OCTOPUS-GLXY,Eight tentacles of squishy print-in-place fun.,Regular Fidgets,21.00,0,0,N,,Y
axolotl-jade_white,,Articulated Axolotl,Jade White,FDG-AXOLOTL-JADE,Smiley pink axolotl with floppy gills.,Regular Fidgets,17.00,0,0,N,,Y
axolotl-bambu_black,,Articulated Axolotl,Bambu Black,FDG-AXOLOTL-BLAK,Smiley pink axolotl with floppy gills.,Regular Fidgets,17.00,0,0,N,,Y
axolotl-bambu_red,,Articulated Axolotl,Bambu Red,FDG-AXOLOTL-REDD,Smiley pink axolotl with floppy gills.,Regular Fidgets,17.00,0,0,N,,Y
axolotl-cyber_yellow,,Articulated Axolotl,Cyber Yellow,FDG-AXOLOTL-YELO,Smiley pink axolotl with floppy gills.,Regular Fidgets,17.00,0,0,N,,Y
axolotl-cyan_blue,,Articulated Axolotl,Cyan Blue,FDG-AXOLOTL-CYAN,Smiley pink axolotl with floppy gills.,Regular Fidgets,17.00,0,0,N,,Y
axolotl-mistletoe,,Articulated Axolotl,Mistletoe Green,FDG-AXOLOTL-MIST,Smiley pink axolotl with floppy gills.,Regular Fidgets,17.00,0,0,N,,Y
axolotl-magenta,,Articulated Axolotl,Magenta,FDG-AXOLOTL-MGNT,Smiley pink axolotl with floppy gills.,Regular Fidgets,17.00,0,0,N,,Y
axolotl-purple,,Articulated Axolotl,Royal Purple,FDG-AXOLOTL-PURP,Smiley pink axolotl with floppy gills.,Regular Fidgets,17.00,0,0,N,,Y
axolotl-glow_green,,Articulated Axolotl,Glow Mint,FDG-AXOLOTL-GLOW,Smiley pink axolotl with floppy gills.,Regular Fidgets,19.00,0,0,N,,Y
axolotl-galaxy,,Articulated Axolotl,Galaxy Purple,FDG-AXOLOTL-GLXY,Smiley pink axolotl with floppy gills.,Regular Fidgets,19.00,0,0,N,,Y
worm-jade_white,,Wiggle Worm,Jade White,FDG-WORM-JADE,Pocket-sized stress relief. Free wiggles.,Regular Fidgets,8.00,0,0,N,,Y
worm-bambu_black,,Wiggle Worm,Bambu Black,FDG-WORM-BLAK,Pocket-sized stress relief. Free wiggles.,Regular Fidgets,8.00,0,0,N,,Y
worm-bambu_red,,Wiggle Worm,Bambu Red,FDG-WORM-REDD,Pocket-sized stress relief. Free wiggles.,Regular Fidgets,8.00,0,0,N,,Y
worm-cyber_yellow,,Wiggle Worm,Cyber Yellow,FDG-WORM-YELO,Pocket-sized stress relief. Free wiggles.,Regular Fidgets,8.00,0,0,N,,Y
worm-cyan_blue,,Wiggle Worm,Cyan Blue,FDG-WORM-CYAN,Pocket-sized stress relief. Free wiggles.,Regular Fidgets,8.00,0,0,N,,Y
worm-mistletoe,,Wiggle Worm,Mistletoe Green,FDG-WORM-MIST,Pocket-sized stress relief. Free wiggles.,Regular Fidgets,8.00,0,0,N,,Y
worm-magenta,,Wiggle Worm,Magenta,FDG-WORM-MGNT,Pocket-sized stress relief. Free wiggles.,Regular Fidgets,8.00,0,0,N,,Y
worm-purple,,Wiggle Worm,Royal Purple,FDG-WORM-PURP,Pocket-sized stress relief. Free wiggles.,Regular Fidgets,8.00,0,0,N,,Y
worm-glow_green,,Wiggle Worm,Glow Mint,FDG-WORM-GLOW,Pocket-sized stress relief. Free wiggles.,Regular Fidgets,10.00,0,0,N,,Y
worm-galaxy,,Wiggle Worm,Galaxy Purple,FDG-WORM-GLXY,Pocket-sized stress relief. Free wiggles.,Regular Fidgets,10.00,0,0,N,,Y
lizard-jade_white,,Mini Lizard,Jade White,FDG-LIZARD-JADE,Tiny flexi lizard. Fits in any pencil case.,Regular Fidgets,10.00,0,0,N,,Y
lizard-bambu_black,,Mini Lizard,Bambu Black,FDG-LIZARD-BLAK,Tiny flexi lizard. Fits in any pencil case.,Regular Fidgets,10.00,0,0,N,,Y
lizard-bambu_red,,Mini Lizard,Bambu Red,FDG-LIZARD-REDD,Tiny flexi lizard. Fits in any pencil case.,Regular Fidgets,10.00,0,0,N,,Y
lizard-cyber_yellow,,Mini Lizard,Cyber Yellow,FDG-LIZARD-YELO,Tiny flexi lizard. Fits in any pencil case.,Regular Fidgets,10.00,0,0,N,,Y
lizard-cyan_blue,,Mini Lizard,Cyan Blue,FDG-LIZARD-CYAN,Tiny flexi lizard. Fits in any pencil case.,Regular Fidgets,10.00,0,0,N,,Y
lizard-mistletoe,,Mini Lizard,Mistletoe Green,FDG-LIZARD-MIST,Tiny flexi lizard. Fits in any pencil case.,Regular Fidgets,10.00,0,0,N,,Y
lizard-magenta,,Mini Lizard,Magenta,FDG-LIZARD-MGNT,Tiny flexi lizard. Fits in any pencil case.,Regular Fidgets,10.00,0,0,N,,Y
lizard-purple,,Mini Lizard,Royal Purple,FDG-LIZARD-PURP,Tiny flexi lizard. Fits in any pencil case.,Regular Fidgets,10.00,0,0,N,,Y
lizard-glow_green,,Mini Lizard,Glow Mint,FDG-LIZARD-GLOW,Tiny flexi lizard. Fits in any pencil case.,Regular Fidgets,12.00,0,0,N,,Y
lizard-galaxy,,Mini Lizard,Galaxy Purple,FDG-LIZARD-GLXY,Tiny flexi lizard. Fits in any pencil case.,Regular Fidgets,12.00,0,0,N,,Y
slider-jade_white,,Magnetic-Feel Slider,Jade White,FDG-SLIDER-JADE,Smooth as silk. Slides from one end to the other.,Regular Fidgets,13.00,0,0,N,,Y
slider-bambu_black,,Magnetic-Feel Slider,Bambu Black,FDG-SLIDER-BLAK,Smooth as silk. Slides from one end to the other.,Regular Fidgets,13.00,0,0,N,,Y
slider-bambu_red,,Magnetic-Feel Slider,Bambu Red,FDG-SLIDER-REDD,Smooth as silk. Slides from one end to the other.,Regular Fidgets,13.00,0,0,N,,Y
slider-cyber_yellow,,Magnetic-Feel Slider,Cyber Yellow,FDG-SLIDER-YELO,Smooth as silk. Slides from one end to the other.,Regular Fidgets,13.00,0,0,N,,Y
slider-cyan_blue,,Magnetic-Feel Slider,Cyan Blue,FDG-SLIDER-CYAN,Smooth as silk. Slides from one end to the other.,Regular Fidgets,13.00,0,0,N,,Y
slider-mistletoe,,Magnetic-Feel Slider,Mistletoe Green,FDG-SLIDER-MIST,Smooth as silk. Slides from one end to the other.,Regular Fidgets,13.00,0,0,N,,Y
slider-magenta,,Magnetic-Feel Slider,Magenta,FDG-SLIDER-MGNT,Smooth as silk. Slides from one end to the other.,Regular Fidgets,13.00,0,0,N,,Y
slider-purple,,Magnetic-Feel Slider,Royal Purple,FDG-SLIDER-PURP,Smooth as silk. Slides from one end to the other.,Regular Fidgets,13.00,0,0,N,,Y
slider-glow_green,,Magnetic-Feel Slider,Glow Mint,FDG-SLIDER-GLOW,Smooth as silk. Slides from one end to the other.,Regular Fidgets,15.00,0,0,N,,Y
slider-galaxy,,Magnetic-Feel Slider,Galaxy Purple,FDG-SLIDER-GLXY,Smooth as silk. Slides from one end to the other.,Regular Fidgets,15.00,0,0,N,,Y
gyro-ring-jade_white,,Gyro Ring,Jade White,FDG-GYRORING-JADE,Spins on your finger. Discreet desk fidget.,Regular Fidgets,11.00,0,0,N,,Y
gyro-ring-bambu_black,,Gyro Ring,Bambu Black,FDG-GYRORING-BLAK,Spins on your finger. Discreet desk fidget.,Regular Fidgets,11.00,0,0,N,,Y
gyro-ring-bambu_red,,Gyro Ring,Bambu Red,FDG-GYRORING-REDD,Spins on your finger. Discreet desk fidget.,Regular Fidgets,11.00,0,0,N,,Y
gyro-ring-cyber_yellow,,Gyro Ring,Cyber Yellow,FDG-GYRORING-YELO,Spins on your finger. Discreet desk fidget.,Regular Fidgets,11.00,0,0,N,,Y
gyro-ring-cyan_blue,,Gyro Ring,Cyan Blue,FDG-GYRORING-CYAN,Spins on your finger. Discreet desk fidget.,Regular Fidgets,11.00,0,0,N,,Y
gyro-ring-mistletoe,,Gyro Ring,Mistletoe Green,FDG-GYRORING-MIST,Spins on your finger. Discreet desk fidget.,Regular Fidgets,11.00,0,0,N,,Y
gyro-ring-magenta,,Gyro Ring,Magenta,FDG-GYRORING-MGNT,Spins on your finger. Discreet desk fidget.,Regular Fidgets,11.00,0,0,N,,Y
gyro-ring-purple,,Gyro Ring,Royal Purple,FDG-GYRORING-PURP,Spins on your finger. Discreet desk fidget.,Regular Fidgets,11.00,0,0,N,,Y
gyro-ring-glow_green,,Gyro Ring,Glow Mint,FDG-GYRORING-GLOW,Spins on your finger. Discreet desk fidget.,Regular Fidgets,13.00,0,0,N,,Y
gyro-ring-galaxy,,Gyro Ring,Galaxy Purple,FDG-GYRORING-GLXY,Spins on your finger. Discreet desk fidget.,Regular Fidgets,13.00,0,0,N,,Y
spinner-ring-jade_white,,Spinner Fidget Ring,Jade White,FDG-SPINNERRING-JADE,Wearable spinner. Looks like jewellery.,Regular Fidgets,13.00,0,0,N,,Y
spinner-ring-bambu_black,,Spinner Fidget Ring,Bambu Black,FDG-SPINNERRING-BLAK,Wearable spinner. Looks like jewellery.,Regular Fidgets,13.00,0,0,N,,Y
spinner-ring-bambu_red,,Spinner Fidget Ring,Bambu Red,FDG-SPINNERRING-REDD,Wearable spinner. Looks like jewellery.,Regular Fidgets,13.00,0,0,N,,Y
spinner-ring-cyber_yellow,,Spinner Fidget Ring,Cyber Yellow,FDG-SPINNERRING-YELO,Wearable spinner. Looks like jewellery.,Regular Fidgets,13.00,0,0,N,,Y
spinner-ring-cyan_blue,,Spinner Fidget Ring,Cyan Blue,FDG-SPINNERRING-CYAN,Wearable spinner. Looks like jewellery.,Regular Fidgets,13.00,0,0,N,,Y
spinner-ring-mistletoe,,Spinner Fidget Ring,Mistletoe Green,FDG-SPINNERRING-MIST,Wearable spinner. Looks like jewellery.,Regular Fidgets,13.00,0,0,N,,Y
spinner-ring-magenta,,Spinner Fidget Ring,Magenta,FDG-SPINNERRING-MGNT,Wearable spinner. Looks like jewellery.,Regular Fidgets,13.00,0,0,N,,Y
spinner-ring-purple,,Spinner Fidget Ring,Royal Purple,FDG-SPINNERRING-PURP,Wearable spinner. Looks like jewellery.,Regular Fidgets,13.00,0,0,N,,Y
spinner-ring-glow_green,,Spinner Fidget Ring,Glow Mint,FDG-SPINNERRING-GLOW,Wearable spinner. Looks like jewellery.,Regular Fidgets,15.00,0,0,N,,Y
spinner-ring-galaxy,,Spinner Fidget Ring,Galaxy Purple,FDG-SPINNERRING-GLXY,Wearable spinner. Looks like jewellery.,Regular Fidgets,15.00,0,0,N,,Y
rolling-maze-jade_white,,Rolling Ball Maze,Jade White,FDG-ROLLINGMAZE-JADE,Tilt and twist to roll the ball through.,Regular Fidgets,18.00,0,0,N,,Y
rolling-maze-bambu_black,,Rolling Ball Maze,Bambu Black,FDG-ROLLINGMAZE-BLAK,Tilt and twist to roll the ball through.,Regular Fidgets,18.00,0,0,N,,Y
rolling-maze-bambu_red,,Rolling Ball Maze,Bambu Red,FDG-ROLLINGMAZE-REDD,Tilt and twist to roll the ball through.,Regular Fidgets,18.00,0,0,N,,Y
rolling-maze-cyber_yellow,,Rolling Ball Maze,Cyber Yellow,FDG-ROLLINGMAZE-YELO,Tilt and twist to roll the ball through.,Regular Fidgets,18.00,0,0,N,,Y
rolling-maze-cyan_blue,,Rolling Ball Maze,Cyan Blue,FDG-ROLLINGMAZE-CYAN,Tilt and twist to roll the ball through.,Regular Fidgets,18.00,0,0,N,,Y
rolling-maze-mistletoe,,Rolling Ball Maze,Mistletoe Green,FDG-ROLLINGMAZE-MIST,Tilt and twist to roll the ball through.,Regular Fidgets,18.00,0,0,N,,Y
rolling-maze-magenta,,Rolling Ball Maze,Magenta,FDG-ROLLINGMAZE-MGNT,Tilt and twist to roll the ball through.,Regular Fidgets,18.00,0,0,N,,Y
rolling-maze-purple,,Rolling Ball Maze,Royal Purple,FDG-ROLLINGMAZE-PURP,Tilt and twist to roll the ball through.,Regular Fidgets,18.00,0,0,N,,Y
rolling-maze-glow_green,,Rolling Ball Maze,Glow Mint,FDG-ROLLINGMAZE-GLOW,Tilt and twist to roll the ball through.,Regular Fidgets,20.00,0,0,N,,Y
rolling-maze-galaxy,,Rolling Ball Maze,Galaxy Purple,FDG-ROLLINGMAZE-GLXY,Tilt and twist to roll the ball through.,Regular Fidgets,20.00,0,0,N,,Y
spiky-roller-jade_white,,Spiky Sensory Roller,Jade White,FDG-SPIKYROLLER-JADE,Tactile spikes for high-input sensory feedback.,Regular Fidgets,13.00,0,0,N,,Y
spiky-roller-bambu_black,,Spiky Sensory Roller,Bambu Black,FDG-SPIKYROLLER-BLAK,Tactile spikes for high-input sensory feedback.,Regular Fidgets,13.00,0,0,N,,Y
spiky-roller-bambu_red,,Spiky Sensory Roller,Bambu Red,FDG-SPIKYROLLER-REDD,Tactile spikes for high-input sensory feedback.,Regular Fidgets,13.00,0,0,N,,Y
spiky-roller-cyber_yellow,,Spiky Sensory Roller,Cyber Yellow,FDG-SPIKYROLLER-YELO,Tactile spikes for high-input sensory feedback.,Regular Fidgets,13.00,0,0,N,,Y
spiky-roller-cyan_blue,,Spiky Sensory Roller,Cyan Blue,FDG-SPIKYROLLER-CYAN,Tactile spikes for high-input sensory feedback.,Regular Fidgets,13.00,0,0,N,,Y
spiky-roller-mistletoe,,Spiky Sensory Roller,Mistletoe Green,FDG-SPIKYROLLER-MIST,Tactile spikes for high-input sensory feedback.,Regular Fidgets,13.00,0,0,N,,Y
spiky-roller-magenta,,Spiky Sensory Roller,Magenta,FDG-SPIKYROLLER-MGNT,Tactile spikes for high-input sensory feedback.,Regular Fidgets,13.00,0,0,N,,Y
spiky-roller-purple,,Spiky Sensory Roller,Royal Purple,FDG-SPIKYROLLER-PURP,Tactile spikes for high-input sensory feedback.,Regular Fidgets,13.00,0,0,N,,Y
spiky-roller-glow_green,,Spiky Sensory Roller,Glow Mint,FDG-SPIKYROLLER-GLOW,Tactile spikes for high-input sensory feedback.,Regular Fidgets,15.00,0,0,N,,Y
spiky-roller-galaxy,,Spiky Sensory Roller,Galaxy Purple,FDG-SPIKYROLLER-GLXY,Tactile spikes for high-input sensory feedback.,Regular Fidgets,15.00,0,0,N,,Y
spiral-cone-jade_white,,Spiral Cone,Jade White,FDG-SPIRALCONE-JADE,Print-in-place spiral that twirls between your fingers.,Regular Fidgets,12.00,0,0,N,,Y
spiral-cone-bambu_black,,Spiral Cone,Bambu Black,FDG-SPIRALCONE-BLAK,Print-in-place spiral that twirls between your fingers.,Regular Fidgets,12.00,0,0,N,,Y
spiral-cone-bambu_red,,Spiral Cone,Bambu Red,FDG-SPIRALCONE-REDD,Print-in-place spiral that twirls between your fingers.,Regular Fidgets,12.00,0,0,N,,Y
spiral-cone-cyber_yellow,,Spiral Cone,Cyber Yellow,FDG-SPIRALCONE-YELO,Print-in-place spiral that twirls between your fingers.,Regular Fidgets,12.00,0,0,N,,Y
spiral-cone-cyan_blue,,Spiral Cone,Cyan Blue,FDG-SPIRALCONE-CYAN,Print-in-place spiral that twirls between your fingers.,Regular Fidgets,12.00,0,0,N,,Y
spiral-cone-mistletoe,,Spiral Cone,Mistletoe Green,FDG-SPIRALCONE-MIST,Print-in-place spiral that twirls between your fingers.,Regular Fidgets,12.00,0,0,N,,Y
spiral-cone-magenta,,Spiral Cone,Magenta,FDG-SPIRALCONE-MGNT,Print-in-place spiral that twirls between your fingers.,Regular Fidgets,12.00,0,0,N,,Y
spiral-cone-purple,,Spiral Cone,Royal Purple,FDG-SPIRALCONE-PURP,Print-in-place spiral that twirls between your fingers.,Regular Fidgets,12.00,0,0,N,,Y
spiral-cone-glow_green,,Spiral Cone,Glow Mint,FDG-SPIRALCONE-GLOW,Print-in-place spiral that twirls between your fingers.,Regular Fidgets,14.00,0,0,N,,Y
spiral-cone-galaxy,,Spiral Cone,Galaxy Purple,FDG-SPIRALCONE-GLXY,Print-in-place spiral that twirls between your fingers.,Regular Fidgets,14.00,0,0,N,,Y
hex-flexi-jade_white,,Hex Flexi,Jade White,FDG-HEXFLEXI-JADE,Hexagonal mesh that folds into a thousand shapes.,Regular Fidgets,12.00,0,0,N,,Y
hex-flexi-bambu_black,,Hex Flexi,Bambu Black,FDG-HEXFLEXI-BLAK,Hexagonal mesh that folds into a thousand shapes.,Regular Fidgets,12.00,0,0,N,,Y
hex-flexi-bambu_red,,Hex Flexi,Bambu Red,FDG-HEXFLEXI-REDD,Hexagonal mesh that folds into a thousand shapes.,Regular Fidgets,12.00,0,0,N,,Y
hex-flexi-cyber_yellow,,Hex Flexi,Cyber Yellow,FDG-HEXFLEXI-YELO,Hexagonal mesh that folds into a thousand shapes.,Regular Fidgets,12.00,0,0,N,,Y
hex-flexi-cyan_blue,,Hex Flexi,Cyan Blue,FDG-HEXFLEXI-CYAN,Hexagonal mesh that folds into a thousand shapes.,Regular Fidgets,12.00,0,0,N,,Y
hex-flexi-mistletoe,,Hex Flexi,Mistletoe Green,FDG-HEXFLEXI-MIST,Hexagonal mesh that folds into a thousand shapes.,Regular Fidgets,12.00,0,0,N,,Y
hex-flexi-magenta,,Hex Flexi,Magenta,FDG-HEXFLEXI-MGNT,Hexagonal mesh that folds into a thousand shapes.,Regular Fidgets,12.00,0,0,N,,Y
hex-flexi-purple,,Hex Flexi,Royal Purple,FDG-HEXFLEXI-PURP,Hexagonal mesh that folds into a thousand shapes.,Regular Fidgets,12.00,0,0,N,,Y
hex-flexi-glow_green,,Hex Flexi,Glow Mint,FDG-HEXFLEXI-GLOW,Hexagonal mesh that folds into a thousand shapes.,Regular Fidgets,14.00,0,0,N,,Y
hex-flexi-galaxy,,Hex Flexi,Galaxy Purple,FDG-HEXFLEXI-GLXY,Hexagonal mesh that folds into a thousand shapes.,Regular Fidgets,14.00,0,0,N,,Y
magic-snake-jade_white,,Magic Snake,Jade White,FDG-MAGICSNAKE-JADE,Twist 24 segments into anything you can imagine.,Regular Fidgets,14.00,0,0,N,,Y
magic-snake-bambu_black,,Magic Snake,Bambu Black,FDG-MAGICSNAKE-BLAK,Twist 24 segments into anything you can imagine.,Regular Fidgets,14.00,0,0,N,,Y
magic-snake-bambu_red,,Magic Snake,Bambu Red,FDG-MAGICSNAKE-REDD,Twist 24 segments into anything you can imagine.,Regular Fidgets,14.00,0,0,N,,Y
magic-snake-cyber_yellow,,Magic Snake,Cyber Yellow,FDG-MAGICSNAKE-YELO,Twist 24 segments into anything you can imagine.,Regular Fidgets,14.00,0,0,N,,Y
magic-snake-cyan_blue,,Magic Snake,Cyan Blue,FDG-MAGICSNAKE-CYAN,Twist 24 segments into anything you can imagine.,Regular Fidgets,14.00,0,0,N,,Y
magic-snake-mistletoe,,Magic Snake,Mistletoe Green,FDG-MAGICSNAKE-MIST,Twist 24 segments into anything you can imagine.,Regular Fidgets,14.00,0,0,N,,Y
magic-snake-magenta,,Magic Snake,Magenta,FDG-MAGICSNAKE-MGNT,Twist 24 segments into anything you can imagine.,Regular Fidgets,14.00,0,0,N,,Y
magic-snake-purple,,Magic Snake,Royal Purple,FDG-MAGICSNAKE-PURP,Twist 24 segments into anything you can imagine.,Regular Fidgets,14.00,0,0,N,,Y
magic-snake-glow_green,,Magic Snake,Glow Mint,FDG-MAGICSNAKE-GLOW,Twist 24 segments into anything you can imagine.,Regular Fidgets,16.00,0,0,N,,Y
magic-snake-galaxy,,Magic Snake,Galaxy Purple,FDG-MAGICSNAKE-GLXY,Twist 24 segments into anything you can imagine.,Regular Fidgets,16.00,0,0,N,,Y
twist-puzzle-jade_white,,Twist Puzzle,Jade White,FDG-TWISTPUZZLE-JADE,Tangle-style endless loop. Always something to twist.,Regular Fidgets,12.00,0,0,N,,Y
twist-puzzle-bambu_black,,Twist Puzzle,Bambu Black,FDG-TWISTPUZZLE-BLAK,Tangle-style endless loop. Always something to twist.,Regular Fidgets,12.00,0,0,N,,Y
twist-puzzle-bambu_red,,Twist Puzzle,Bambu Red,FDG-TWISTPUZZLE-REDD,Tangle-style endless loop. Always something to twist.,Regular Fidgets,12.00,0,0,N,,Y
twist-puzzle-cyber_yellow,,Twist Puzzle,Cyber Yellow,FDG-TWISTPUZZLE-YELO,Tangle-style endless loop. Always something to twist.,Regular Fidgets,12.00,0,0,N,,Y
twist-puzzle-cyan_blue,,Twist Puzzle,Cyan Blue,FDG-TWISTPUZZLE-CYAN,Tangle-style endless loop. Always something to twist.,Regular Fidgets,12.00,0,0,N,,Y
twist-puzzle-mistletoe,,Twist Puzzle,Mistletoe Green,FDG-TWISTPUZZLE-MIST,Tangle-style endless loop. Always something to twist.,Regular Fidgets,12.00,0,0,N,,Y
twist-puzzle-magenta,,Twist Puzzle,Magenta,FDG-TWISTPUZZLE-MGNT,Tangle-style endless loop. Always something to twist.,Regular Fidgets,12.00,0,0,N,,Y
twist-puzzle-purple,,Twist Puzzle,Royal Purple,FDG-TWISTPUZZLE-PURP,Tangle-style endless loop. Always something to twist.,Regular Fidgets,12.00,0,0,N,,Y
twist-puzzle-glow_green,,Twist Puzzle,Glow Mint,FDG-TWISTPUZZLE-GLOW,Tangle-style endless loop. Always something to twist.,Regular Fidgets,14.00,0,0,N,,Y
twist-puzzle-galaxy,,Twist Puzzle,Galaxy Purple,FDG-TWISTPUZZLE-GLXY,Tangle-style endless loop. Always something to twist.,Regular Fidgets,14.00,0,0,N,,Y
chain-jade_white,,Bike-Chain Fidget,Jade White,FDG-CHAIN-JADE,"Interlocking links. Drape, swing, click.",Regular Fidgets,13.00,0,0,N,,Y
chain-bambu_black,,Bike-Chain Fidget,Bambu Black,FDG-CHAIN-BLAK,"Interlocking links. Drape, swing, click.",Regular Fidgets,13.00,0,0,N,,Y
chain-bambu_red,,Bike-Chain Fidget,Bambu Red,FDG-CHAIN-REDD,"Interlocking links. Drape, swing, click.",Regular Fidgets,13.00,0,0,N,,Y
chain-cyber_yellow,,Bike-Chain Fidget,Cyber Yellow,FDG-CHAIN-YELO,"Interlocking links. Drape, swing, click.",Regular Fidgets,13.00,0,0,N,,Y
chain-cyan_blue,,Bike-Chain Fidget,Cyan Blue,FDG-CHAIN-CYAN,"Interlocking links. Drape, swing, click.",Regular Fidgets,13.00,0,0,N,,Y
chain-mistletoe,,Bike-Chain Fidget,Mistletoe Green,FDG-CHAIN-MIST,"Interlocking links. Drape, swing, click.",Regular Fidgets,13.00,0,0,N,,Y
chain-magenta,,Bike-Chain Fidget,Magenta,FDG-CHAIN-MGNT,"Interlocking links. Drape, swing, click.",Regular Fidgets,13.00,0,0,N,,Y
chain-purple,,Bike-Chain Fidget,Royal Purple,FDG-CHAIN-PURP,"Interlocking links. Drape, swing, click.",Regular Fidgets,13.00,0,0,N,,Y
chain-glow_green,,Bike-Chain Fidget,Glow Mint,FDG-CHAIN-GLOW,"Interlocking links. Drape, swing, click.",Regular Fidgets,15.00,0,0,N,,Y
chain-galaxy,,Bike-Chain Fidget,Galaxy Purple,FDG-CHAIN-GLXY,"Interlocking links. Drape, swing, click.",Regular Fidgets,15.00,0,0,N,,Y
twisting-egg-jade_white,,Twisting Egg,Jade White,FDG-TWISTINGEGG-JADE,Egg-shaped twist puzzle. Smoother than a Rubik's cube.,Regular Fidgets,15.00,0,0,N,,Y
twisting-egg-bambu_black,,Twisting Egg,Bambu Black,FDG-TWISTINGEGG-BLAK,Egg-shaped twist puzzle. Smoother than a Rubik's cube.,Regular Fidgets,15.00,0,0,N,,Y
twisting-egg-bambu_red,,Twisting Egg,Bambu Red,FDG-TWISTINGEGG-REDD,Egg-shaped twist puzzle. Smoother than a Rubik's cube.,Regular Fidgets,15.00,0,0,N,,Y
twisting-egg-cyber_yellow,,Twisting Egg,Cyber Yellow,FDG-TWISTINGEGG-YELO,Egg-shaped twist puzzle. Smoother than a Rubik's cube.,Regular Fidgets,15.00,0,0,N,,Y
twisting-egg-cyan_blue,,Twisting Egg,Cyan Blue,FDG-TWISTINGEGG-CYAN,Egg-shaped twist puzzle. Smoother than a Rubik's cube.,Regular Fidgets,15.00,0,0,N,,Y
twisting-egg-mistletoe,,Twisting Egg,Mistletoe Green,FDG-TWISTINGEGG-MIST,Egg-shaped twist puzzle. Smoother than a Rubik's cube.,Regular Fidgets,15.00,0,0,N,,Y
twisting-egg-magenta,,Twisting Egg,Magenta,FDG-TWISTINGEGG-MGNT,Egg-shaped twist puzzle. Smoother than a Rubik's cube.,Regular Fidgets,15.00,0,0,N,,Y
twisting-egg-purple,,Twisting Egg,Royal Purple,FDG-TWISTINGEGG-PURP,Egg-shaped twist puzzle. Smoother than a Rubik's cube.,Regular Fidgets,15.00,0,0,N,,Y
twisting-egg-glow_green,,Twisting Egg,Glow Mint,FDG-TWISTINGEGG-GLOW,Egg-shaped twist puzzle. Smoother than a Rubik's cube.,Regular Fidgets,17.00,0,0,N,,Y
twisting-egg-galaxy,,Twisting Egg,Galaxy Purple,FDG-TWISTINGEGG-GLXY,Egg-shaped twist puzzle. Smoother than a Rubik's cube.,Regular Fidgets,17.00,0,0,N,,Y
gear-fidget-jade_white,,Pocket Gear Fidget,Jade White,FDG-GEARFIDGET-JADE,Three interlocking gears in a card-sized frame.,Regular Fidgets,13.00,0,0,N,,Y
gear-fidget-bambu_black,,Pocket Gear Fidget,Bambu Black,FDG-GEARFIDGET-BLAK,Three interlocking gears in a card-sized frame.,Regular Fidgets,13.00,0,0,N,,Y
gear-fidget-bambu_red,,Pocket Gear Fidget,Bambu Red,FDG-GEARFIDGET-REDD,Three interlocking gears in a card-sized frame.,Regular Fidgets,13.00,0,0,N,,Y
gear-fidget-cyber_yellow,,Pocket Gear Fidget,Cyber Yellow,FDG-GEARFIDGET-YELO,Three interlocking gears in a card-sized frame.,Regular Fidgets,13.00,0,0,N,,Y
gear-fidget-cyan_blue,,Pocket Gear Fidget,Cyan Blue,FDG-GEARFIDGET-CYAN,Three interlocking gears in a card-sized frame.,Regular Fidgets,13.00,0,0,N,,Y
gear-fidget-mistletoe,,Pocket Gear Fidget,Mistletoe Green,FDG-GEARFIDGET-MIST,Three interlocking gears in a card-sized frame.,Regular Fidgets,13.00,0,0,N,,Y
gear-fidget-magenta,,Pocket Gear Fidget,Magenta,FDG-GEARFIDGET-MGNT,Three interlocking gears in a card-sized frame.,Regular Fidgets,13.00,0,0,N,,Y
gear-fidget-purple,,Pocket Gear Fidget,Royal Purple,FDG-GEARFIDGET-PURP,Three interlocking gears in a card-sized frame.,Regular Fidgets,13.00,0,0,N,,Y
gear-fidget-glow_green,,Pocket Gear Fidget,Glow Mint,FDG-GEARFIDGET-GLOW,Three interlocking gears in a card-sized frame.,Regular Fidgets,15.00,0,0,N,,Y
gear-fidget-galaxy,,Pocket Gear Fidget,Galaxy Purple,FDG-GEARFIDGET-GLXY,Three interlocking gears in a card-sized frame.,Regular Fidgets,15.00,0,0,N,,Y
clicker-jade_white,,Clicker Fidget,Jade White,FDG-CLICKER-JADE,Mechanical-keyboard click on demand.,Regular Fidgets,10.00,0,0,N,,Y
clicker-bambu_black,,Clicker Fidget,Bambu Black,FDG-CLICKER-BLAK,Mechanical-keyboard click on demand.,Regular Fidgets,10.00,0,0,N,,Y
clicker-bambu_red,,Clicker Fidget,Bambu Red,FDG-CLICKER-REDD,Mechanical-keyboard click on demand.,Regular Fidgets,10.00,0,0,N,,Y
clicker-cyber_yellow,,Clicker Fidget,Cyber Yellow,FDG-CLICKER-YELO,Mechanical-keyboard click on demand.,Regular Fidgets,10.00,0,0,N,,Y
clicker-cyan_blue,,Clicker Fidget,Cyan Blue,FDG-CLICKER-CYAN,Mechanical-keyboard click on demand.,Regular Fidgets,10.00,0,0,N,,Y
clicker-mistletoe,,Clicker Fidget,Mistletoe Green,FDG-CLICKER-MIST,Mechanical-keyboard click on demand.,Regular Fidgets,10.00,0,0,N,,Y
clicker-magenta,,Clicker Fidget,Magenta,FDG-CLICKER-MGNT,Mechanical-keyboard click on demand.,Regular Fidgets,10.00,0,0,N,,Y
clicker-purple,,Clicker Fidget,Royal Purple,FDG-CLICKER-PURP,Mechanical-keyboard click on demand.,Regular Fidgets,10.00,0,0,N,,Y
clicker-glow_green,,Clicker Fidget,Glow Mint,FDG-CLICKER-GLOW,Mechanical-keyboard click on demand.,Regular Fidgets,12.00,0,0,N,,Y
clicker-galaxy,,Clicker Fidget,Galaxy Purple,FDG-CLICKER-GLXY,Mechanical-keyboard click on demand.,Regular Fidgets,12.00,0,0,N,,Y
fidget-blanket-galaxy,,Sensory Fidget Blanket,Galaxy Purple,FDG-FIDGETBLANKE-GLXY,"Sewn lap blanket with zips, beads, ribbons and buttons. Calming.",Regular Fidgets,47.00,0,0,N,,Y
fidget-blanket-cyan_blue,,Sensory Fidget Blanket,Cyan Blue,FDG-FIDGETBLANKE-CYAN,"Sewn lap blanket with zips, beads, ribbons and buttons. Calming.",Regular Fidgets,45.00,0,0,N,,Y
fidget-blanket-magenta,,Sensory Fidget Blanket,Magenta,FDG-FIDGETBLANKE-MGNT,"Sewn lap blanket with zips, beads, ribbons and buttons. Calming.",Regular Fidgets,45.00,0,0,N,,Y
fidget-blanket-cyber_yellow,,Sensory Fidget Blanket,Cyber Yellow,FDG-FIDGETBLANKE-YELO,"Sewn lap blanket with zips, beads, ribbons and buttons. Calming.",Regular Fidgets,45.00,0,0,N,,Y
a-spinner-silk_aluminium,,Aluminium-Effect Heavy Spinner,Silk Aluminium,FDG-ASPINNER-ALUM,"Silk Aluminium PLA. Heavy, mirror finish, 4-minute spin.",Premium (Subscriber-only),48.00,0,0,N,,Y
a-spinner-silk_brass,,Aluminium-Effect Heavy Spinner,Silk Brass,FDG-ASPINNER-BRAS,"Silk Aluminium PLA. Heavy, mirror finish, 4-minute spin.",Premium (Subscriber-only),48.00,0,0,N,,Y
a-spinner-silk_copper,,Aluminium-Effect Heavy Spinner,Silk Copper,FDG-ASPINNER-COPP,"Silk Aluminium PLA. Heavy, mirror finish, 4-minute spin.",Premium (Subscriber-only),48.00,0,0,N,,Y
a-spinner-marble_swirl,,Aluminium-Effect Heavy Spinner,Marble Swirl,FDG-ASPINNER-MARB,"Silk Aluminium PLA. Heavy, mirror finish, 4-minute spin.",Premium (Subscriber-only),48.00,0,0,N,,Y
a-spinner-wood_walnut,,Aluminium-Effect Heavy Spinner,Walnut Wood-fill,FDG-ASPINNER-WOOD,"Silk Aluminium PLA. Heavy, mirror finish, 4-minute spin.",Premium (Subscriber-only),48.00,0,0,N,,Y
a-spinner-carbon_fibre,,Aluminium-Effect Heavy Spinner,Carbon Fibre,FDG-ASPINNER-CARB,"Silk Aluminium PLA. Heavy, mirror finish, 4-minute spin.",Premium (Subscriber-only),48.00,0,0,N,,Y
a-cube-silk_aluminium,,Brass-Finish Heavy Cube,Silk Aluminium,FDG-ACUBE-ALUM,"Silk Brass filament, weighted infill. The desk-trophy fidget.",Premium (Subscriber-only),52.00,0,0,N,,Y
a-cube-silk_brass,,Brass-Finish Heavy Cube,Silk Brass,FDG-ACUBE-BRAS,"Silk Brass filament, weighted infill. The desk-trophy fidget.",Premium (Subscriber-only),52.00,0,0,N,,Y
a-cube-silk_copper,,Brass-Finish Heavy Cube,Silk Copper,FDG-ACUBE-COPP,"Silk Brass filament, weighted infill. The desk-trophy fidget.",Premium (Subscriber-only),52.00,0,0,N,,Y
a-cube-marble_swirl,,Brass-Finish Heavy Cube,Marble Swirl,FDG-ACUBE-MARB,"Silk Brass filament, weighted infill. The desk-trophy fidget.",Premium (Subscriber-only),52.00,0,0,N,,Y
a-cube-wood_walnut,,Brass-Finish Heavy Cube,Walnut Wood-fill,FDG-ACUBE-WOOD,"Silk Brass filament, weighted infill. The desk-trophy fidget.",Premium (Subscriber-only),52.00,0,0,N,,Y
a-cube-carbon_fibre,,Brass-Finish Heavy Cube,Carbon Fibre,FDG-ACUBE-CARB,"Silk Brass filament, weighted infill. The desk-trophy fidget.",Premium (Subscriber-only),52.00,0,0,N,,Y
a-pyramid-marble_swirl,,Galaxy Marble Pyramid,Marble Swirl,FDG-APYRAMID-MARB,"Galaxy Marble filament. Tetrahedron silhouette, swirled finish.",Premium (Subscriber-only),42.00,0,0,N,,Y
a-pyramid-galaxy,,Galaxy Marble Pyramid,Galaxy Purple,FDG-APYRAMID-GLXY,"Galaxy Marble filament. Tetrahedron silhouette, swirled finish.",Premium (Subscriber-only),44.00,0,0,N,,Y
a-pyramid-silk_aluminium,,Galaxy Marble Pyramid,Silk Aluminium,FDG-APYRAMID-ALUM,"Galaxy Marble filament. Tetrahedron silhouette, swirled finish.",Premium (Subscriber-only),42.00,0,0,N,,Y
a-pyramid-carbon_fibre,,Galaxy Marble Pyramid,Carbon Fibre,FDG-APYRAMID-CARB,"Galaxy Marble filament. Tetrahedron silhouette, swirled finish.",Premium (Subscriber-only),42.00,0,0,N,,Y
a-worry-wood_walnut,,Walnut Worry Stone,Walnut Wood-fill,FDG-AWORRY-WOOD,"Walnut Wood-fill PLA. Pebble silhouette, oil-rubbed finish.",Premium (Subscriber-only),38.00,0,0,N,,Y
a-worry-silk_brass,,Walnut Worry Stone,Silk Brass,FDG-AWORRY-BRAS,"Walnut Wood-fill PLA. Pebble silhouette, oil-rubbed finish.",Premium (Subscriber-only),38.00,0,0,N,,Y
a-worry-silk_copper,,Walnut Worry Stone,Silk Copper,FDG-AWORRY-COPP,"Walnut Wood-fill PLA. Pebble silhouette, oil-rubbed finish.",Premium (Subscriber-only),38.00,0,0,N,,Y
a-worry-carbon_fibre,,Walnut Worry Stone,Carbon Fibre,FDG-AWORRY-CARB,"Walnut Wood-fill PLA. Pebble silhouette, oil-rubbed finish.",Premium (Subscriber-only),38.00,0,0,N,,Y
a-comb-silk_brass,,Brass Butterfly Comb,Silk Brass,FDG-ACOMB-BRAS,"Real metal butterfly form — hair-comb teeth, no blade. Outsourced solid brass. Legal everywhere.",Premium (Subscriber-only),72.00,0,0,N,,Y
a-comb-silk_copper,,Brass Butterfly Comb,Silk Copper,FDG-ACOMB-COPP,"Real metal butterfly form — hair-comb teeth, no blade. Outsourced solid brass. Legal everywhere.",Premium (Subscriber-only),72.00,0,0,N,,Y
a-comb-silk_aluminium,,Brass Butterfly Comb,Silk Aluminium,FDG-ACOMB-ALUM,"Real metal butterfly form — hair-comb teeth, no blade. Outsourced solid brass. Legal everywhere.",Premium (Subscriber-only),72.00,0,0,N,,Y
a-comb-wood_walnut,,Brass Butterfly Comb,Walnut Wood-fill,FDG-ACOMB-WOOD,"Real metal butterfly form — hair-comb teeth, no blade. Outsourced solid brass. Legal everywhere.",Premium (Subscriber-only),72.00,0,0,N,,Y
a-comb-carbon_fibre,,Brass Butterfly Comb,Carbon Fibre,FDG-ACOMB-CARB,"Real metal butterfly form — hair-comb teeth, no blade. Outsourced solid brass. Legal everywhere.",Premium (Subscriber-only),72.00,0,0,N,,Y
bundle-starter,,Starter Pack,Default,FDG-BDL-STAR,Pick 1 spinner + 1 cube + 1 articulated. Saves $4 on individual prices.,Bundles & Packs,30.00,0,0,N,,Y
bundle-articulated,,Articulated Trio,Default,FDG-BDL-ARTI,Any 3 articulated creatures. Plus 50% off your next order.,Bundles & Packs,35.00,0,0,N,,Y
bundle-spinner-stack,,Spinner Stack,Default,FDG-BDL-SPIN,Three spinners — mix and match the four spinner styles.,Bundles & Packs,25.00,0,0,N,,Y
bundle-class-pack,,Class Pack,Default,FDG-BDL-CLAS,Five fidgets for the gang. Birthday party loot bags sorted.,Bundles & Packs,40.00,0,0,N,,Y
bundle-mega,,Mega Pack,Default,FDG-BDL-MEGA,Pick any 8 fidgets. Best $/fidget on the site.,Bundles & Packs,80.00,0,0,N,,Y
